-- phpMyAdmin SQL Dump
-- version 4.8.5
-- https://www.phpmyadmin.net/
--
-- Servidor: 127.0.0.1
-- Tiempo de generación: 22-04-2023 a las 04:11:52
-- Versión del servidor: 10.1.39-MariaDB
-- Versión de PHP: 7.3.5

SET SQL_MODE = "NO_AUTO_VALUE_ON_ZERO";
SET AUTOCOMMIT = 0;
START TRANSACTION;
SET time_zone = "+00:00";


/*!40101 SET @OLD_CHARACTER_SET_CLIENT=@@CHARACTER_SET_CLIENT */;
/*!40101 SET @OLD_CHARACTER_SET_RESULTS=@@CHARACTER_SET_RESULTS */;
/*!40101 SET @OLD_COLLATION_CONNECTION=@@COLLATION_CONNECTION */;
/*!40101 SET NAMES utf8mb4 */;

--
-- Base de datos: `datos`
--

-- --------------------------------------------------------

--
-- Estructura de tabla para la tabla `albumes`
--

CREATE TABLE `albumes` (
  `id` int(11) NOT NULL,
  `artista_id` int(11) NOT NULL,
  `nombre` varchar(150) NOT NULL
) ENGINE=InnoDB DEFAULT CHARSET=utf8;

--
-- Volcado de datos para la tabla `albumes`
--

INSERT INTO `albumes` (`id`, `artista_id`, `nombre`) VALUES
(3, 5, 'Happier Than Ever '),
(4, 3, 'The eminem Show'),
(5, 2, 'At San Quentin'),
(6, 4, 'Bitches Brew'),
(7, 1, 'Queen');

-- --------------------------------------------------------

--
-- Estructura de tabla para la tabla `album_canciones`
--

CREATE TABLE `album_canciones` (
  `id` int(11) NOT NULL,
  `album_id` int(11) NOT NULL,
  `cancion_id` int(11) NOT NULL
) ENGINE=InnoDB DEFAULT CHARSET=utf8;

--
-- Volcado de datos para la tabla `album_canciones`
--

INSERT INTO `album_canciones` (`id`, `album_id`, `cancion_id`) VALUES
(1, 7, 5),
(2, 5, 3),
(3, 4, 2),
(4, 3, 1),
(5, 6, 4);

-- --------------------------------------------------------

--
-- Estructura de tabla para la tabla `artistas`
--

CREATE TABLE `artistas` (
  `id` int(11) NOT NULL,
  `nombre` varchar(100) NOT NULL,
  `imagen` varchar(150) NOT NULL
) ENGINE=InnoDB DEFAULT CHARSET=utf8;

--
-- Volcado de datos para la tabla `artistas`
--

INSERT INTO `artistas` (`id`, `nombre`, `imagen`) VALUES
(1, 'Queen', 'Foto.jpg'),
(2, 'Jhonny cash', 'Foto.jpg'),
(3, 'Eminem', 'Foto.jpg'),
(4, 'Miles Davis', 'Foto.jpg'),
(5, 'Billie Eilish', 'Foto.jpg');

-- --------------------------------------------------------

--
-- Estructura de tabla para la tabla `canciones`
--

CREATE TABLE `canciones` (
  `id` int(11) NOT NULL,
  `nombre` varchar(100) NOT NULL,
  `artista_id` int(11) NOT NULL,
  `duracion` time NOT NULL,
  `genero_id` int(11) NOT NULL,
  `fecha` date NOT NULL,
  `disponible` tinyint(4) NOT NULL
) ENGINE=InnoDB DEFAULT CHARSET=utf8;

--
-- Volcado de datos para la tabla `canciones`
--

INSERT INTO `canciones` (`id`, `nombre`, `artista_id`, `duracion`, `genero_id`, `fecha`, `disponible`) VALUES
(1, 'Lovely', 5, '03:21:00', 3, '2019-02-19', 1),
(2, 'Mockingbird', 3, '04:18:00', 2, '2004-08-16', 1),
(3, 'Ring of fire', 2, '02:40:00', 4, '1963-02-16', 1),
(4, 'so what', 4, '09:24:00', 5, '1959-03-23', 1),
(5, 'Bohemian Rhapsody', 1, '06:00:00', 1, '1975-10-31', 1);

-- --------------------------------------------------------

--
-- Estructura de tabla para la tabla `favoritas`
--

CREATE TABLE `favoritas` (
  `id` int(11) NOT NULL,
  `usuario_id` int(11) NOT NULL,
  `cancion_id` int(11) NOT NULL
) ENGINE=InnoDB DEFAULT CHARSET=utf8;

--
-- Volcado de datos para la tabla `favoritas`
--

INSERT INTO `favoritas` (`id`, `usuario_id`, `cancion_id`) VALUES
(1, 1, 5),
(2, 4, 1),
(3, 5, 1),
(4, 3, 4),
(5, 2, 3);

-- --------------------------------------------------------

--
-- Estructura de tabla para la tabla `generos`
--

CREATE TABLE `generos` (
  `id` int(11) NOT NULL,
  `nombre` varchar(30) NOT NULL
) ENGINE=InnoDB DEFAULT CHARSET=utf8;

--
-- Volcado de datos para la tabla `generos`
--

INSERT INTO `generos` (`id`, `nombre`) VALUES
(1, 'Rock'),
(2, 'HIp Hop'),
(3, 'Pop'),
(4, 'Country'),
(5, 'Jazz');

-- --------------------------------------------------------

--
-- Estructura de tabla para la tabla `membresia`
--

CREATE TABLE `membresia` (
  `id` int(11) NOT NULL,
  `nombre` varchar(100) NOT NULL,
  `precio` double NOT NULL
) ENGINE=InnoDB DEFAULT CHARSET=utf8;

--
-- Volcado de datos para la tabla `membresia`
--

INSERT INTO `membresia` (`id`, `nombre`, `precio`) VALUES
(1, 'Individual', 99),
(2, 'Duo', 129),
(3, 'Premium Family', 149),
(4, 'Universitarios', 49);

-- --------------------------------------------------------

--
-- Estructura de tabla para la tabla `playlist`
--

CREATE TABLE `playlist` (
  `id` int(11) NOT NULL,
  `nombre` varchar(100) NOT NULL,
  `imagen` varchar(150) NOT NULL,
  `usuario_id` int(11) NOT NULL
) ENGINE=InnoDB DEFAULT CHARSET=utf8;

--
-- Volcado de datos para la tabla `playlist`
--

INSERT INTO `playlist` (`id`, `nombre`, `imagen`, `usuario_id`) VALUES
(1, 'monday Motivation', 'foto.jpg', 1),
(2, 'Summer BBQ', 'Foto.jpg', 4),
(3, 'Corridos', 'foto.jpg', 5),
(4, 'Metalica y rock', 'Foto.jpg', 2),
(5, 'Para practicar el Aim', 'Foto.jpg', 3);

-- --------------------------------------------------------

--
-- Estructura de tabla para la tabla `playlist_canciones`
--

CREATE TABLE `playlist_canciones` (
  `id` int(11) NOT NULL,
  `playlist_id` int(11) NOT NULL,
  `cancion_id` int(11) NOT NULL
) ENGINE=InnoDB DEFAULT CHARSET=utf8;

--
-- Volcado de datos para la tabla `playlist_canciones`
--

INSERT INTO `playlist_canciones` (`id`, `playlist_id`, `cancion_id`) VALUES
(1, 4, 3),
(2, 3, 5),
(3, 1, 2),
(4, 2, 1),
(5, 5, 4);

-- --------------------------------------------------------

--
-- Estructura de tabla para la tabla `usuarios`
--

CREATE TABLE `usuarios` (
  `id` int(11) NOT NULL,
  `nombre` varchar(100) NOT NULL,
  `correo` varchar(100) NOT NULL,
  `contraseña` varchar(100) NOT NULL,
  `usuario` varchar(30) NOT NULL,
  `telefono` varchar(10) NOT NULL,
  `membresia_id` int(11) NOT NULL
) ENGINE=InnoDB DEFAULT CHARSET=utf8;

--
-- Volcado de datos para la tabla `usuarios`
--

INSERT INTO `usuarios` (`id`, `nombre`, `correo`, `contraseña`, `usuario`, `telefono`, `membresia_id`) VALUES
(1, 'Angel Eduardo Perez Rojas', 'angeleduardo16688@gmail.com', 'angel1234', 'angel123', '6673681577', 1),
(2, 'Ximena Noemi Martinez Blancas', 'chupacabras30@gmail.com', 'ximena123', 'ximena365', '6675795025', 4),
(3, 'Julio Esteban Beltran Cardenas ', 'Estebanillacardenas@gtmail.com', 'julio1234', 'Julio365', '6671627907', 3),
(4, 'Itzel Amairany Serrano Gonzales', 'Itzelitagood@gmail.com', 'itzel1234', 'itzel123', '6673333493', 2),
(5, 'Héctor Javier Campos Rodríguez', 'hectorjavier365@gmail.com', 'hector1234', 'hector365', '6674957719', 1);

--
-- Índices para tablas volcadas
--

--
-- Indices de la tabla `albumes`
--
ALTER TABLE `albumes`
  ADD PRIMARY KEY (`id`),
  ADD KEY `artista_id` (`artista_id`);

--
-- Indices de la tabla `album_canciones`
--
ALTER TABLE `album_canciones`
  ADD PRIMARY KEY (`id`),
  ADD KEY `cancion_id` (`cancion_id`),
  ADD KEY `album_id` (`album_id`);

--
-- Indices de la tabla `artistas`
--
ALTER TABLE `artistas`
  ADD PRIMARY KEY (`id`);

--
-- Indices de la tabla `canciones`
--
ALTER TABLE `canciones`
  ADD PRIMARY KEY (`id`),
  ADD KEY `genero_id` (`genero_id`),
  ADD KEY `artista_id` (`artista_id`);

--
-- Indices de la tabla `favoritas`
--
ALTER TABLE `favoritas`
  ADD PRIMARY KEY (`id`),
  ADD KEY `cancion_id` (`cancion_id`),
  ADD KEY `usuario_id` (`usuario_id`);

--
-- Indices de la tabla `generos`
--
ALTER TABLE `generos`
  ADD PRIMARY KEY (`id`);

--
-- Indices de la tabla `membresia`
--
ALTER TABLE `membresia`
  ADD PRIMARY KEY (`id`);

--
-- Indices de la tabla `playlist`
--
ALTER TABLE `playlist`
  ADD PRIMARY KEY (`id`),
  ADD KEY `usuario_id` (`usuario_id`);

--
-- Indices de la tabla `playlist_canciones`
--
ALTER TABLE `playlist_canciones`
  ADD PRIMARY KEY (`id`),
  ADD KEY `playlist_id` (`playlist_id`),
  ADD KEY `cancion_id` (`cancion_id`);

--
-- Indices de la tabla `usuarios`
--
ALTER TABLE `usuarios`
  ADD PRIMARY KEY (`id`),
  ADD KEY `membresia_id` (`membresia_id`);

--
-- AUTO_INCREMENT de las tablas volcadas
--

--
-- AUTO_INCREMENT de la tabla `albumes`
--
ALTER TABLE `albumes`
  MODIFY `id` int(11) NOT NULL AUTO_INCREMENT, AUTO_INCREMENT=8;

--
-- AUTO_INCREMENT de la tabla `album_canciones`
--
ALTER TABLE `album_canciones`
  MODIFY `id` int(11) NOT NULL AUTO_INCREMENT, AUTO_INCREMENT=6;

--
-- AUTO_INCREMENT de la tabla `artistas`
--
ALTER TABLE `artistas`
  MODIFY `id` int(11) NOT NULL AUTO_INCREMENT, AUTO_INCREMENT=6;

--
-- AUTO_INCREMENT de la tabla `canciones`
--
ALTER TABLE `canciones`
  MODIFY `id` int(11) NOT NULL AUTO_INCREMENT, AUTO_INCREMENT=6;

--
-- AUTO_INCREMENT de la tabla `favoritas`
--
ALTER TABLE `favoritas`
  MODIFY `id` int(11) NOT NULL AUTO_INCREMENT, AUTO_INCREMENT=6;

--
-- AUTO_INCREMENT de la tabla `generos`
--
ALTER TABLE `generos`
  MODIFY `id` int(11) NOT NULL AUTO_INCREMENT, AUTO_INCREMENT=6;

--
-- AUTO_INCREMENT de la tabla `membresia`
--
ALTER TABLE `membresia`
  MODIFY `id` int(11) NOT NULL AUTO_INCREMENT, AUTO_INCREMENT=5;

--
-- AUTO_INCREMENT de la tabla `playlist`
--
ALTER TABLE `playlist`
  MODIFY `id` int(11) NOT NULL AUTO_INCREMENT, AUTO_INCREMENT=6;

--
-- AUTO_INCREMENT de la tabla `playlist_canciones`
--
ALTER TABLE `playlist_canciones`
  MODIFY `id` int(11) NOT NULL AUTO_INCREMENT, AUTO_INCREMENT=6;

--
-- AUTO_INCREMENT de la tabla `usuarios`
--
ALTER TABLE `usuarios`
  MODIFY `id` int(11) NOT NULL AUTO_INCREMENT, AUTO_INCREMENT=6;

--
-- Restricciones para tablas volcadas
--

--
-- Filtros para la tabla `albumes`
--
ALTER TABLE `albumes`
  ADD CONSTRAINT `albumes_ibfk_1` FOREIGN KEY (`artista_id`) REFERENCES `artistas` (`id`);

--
-- Filtros para la tabla `album_canciones`
--
ALTER TABLE `album_canciones`
  ADD CONSTRAINT `album_canciones_ibfk_1` FOREIGN KEY (`cancion_id`) REFERENCES `canciones` (`id`),
  ADD CONSTRAINT `album_canciones_ibfk_2` FOREIGN KEY (`album_id`) REFERENCES `albumes` (`id`);

--
-- Filtros para la tabla `canciones`
--
ALTER TABLE `canciones`
  ADD CONSTRAINT `canciones_ibfk_1` FOREIGN KEY (`genero_id`) REFERENCES `generos` (`id`),
  ADD CONSTRAINT `canciones_ibfk_2` FOREIGN KEY (`artista_id`) REFERENCES `artistas` (`id`);

--
-- Filtros para la tabla `favoritas`
--
ALTER TABLE `favoritas`
  ADD CONSTRAINT `favoritas_ibfk_1` FOREIGN KEY (`cancion_id`) REFERENCES `canciones` (`id`),
  ADD CONSTRAINT `favoritas_ibfk_2` FOREIGN KEY (`usuario_id`) REFERENCES `usuarios` (`id`);

--
-- Filtros para la tabla `playlist`
--
ALTER TABLE `playlist`
  ADD CONSTRAINT `playlist_ibfk_1` FOREIGN KEY (`usuario_id`) REFERENCES `usuarios` (`id`);

--
-- Filtros para la tabla `playlist_canciones`
--
ALTER TABLE `playlist_canciones`
  ADD CONSTRAINT `playlist_canciones_ibfk_1` FOREIGN KEY (`playlist_id`) REFERENCES `playlist` (`id`),
  ADD CONSTRAINT `playlist_canciones_ibfk_2` FOREIGN KEY (`cancion_id`) REFERENCES `canciones` (`id`);

--
-- Filtros para la tabla `usuarios`
--
ALTER TABLE `usuarios`
  ADD CONSTRAINT `usuarios_ibfk_1` FOREIGN KEY (`membresia_id`) REFERENCES `membresia` (`id`);
COMMIT;

/*!40101 SET CHARACTER_SET_CLIENT=@OLD_CHARACTER_SET_CLIENT */;
/*!40101 SET CHARACTER_SET_RESULTS=@OLD_CHARACTER_SET_RESULTS */;
/*!40101 SET COLLATION_CONNECTION=@OLD_COLLATION_CONNECTION */;
